{
    "accuracy": 0.9484203739522888,
    "precision": 0.8301886792452831,
    "recall": 0.8,
    "roc_auc": 0.947711904924527
}
